{   "energy":{
    "x": [1, 2, 3, 4, 5, 6, 7, 8, 9, 10, 11, 12],
    "y": [880.56414, 890.25740, 899.728, 899.7827, 899.7827, 899.782, 880.78278, 875.78, 872.82, 870.827, 877.782, 875.785, 870.875, 855.785, 899.788]
    },
    "garbage": {
      "x": [1, 2, 3, 4, 5, 6, 7, 8, 9, 10, 11, 12],
      "y": [2.023, 2.043, 1.948, 1.971, 1.955, 2.014, 2.047, 1.942, 1.989, 2.029, 2.036, 1.993]
    },
    "traffic":{
    "x": [1, 2, 3, 4, 5, 6, 7, 8, 9, 10, 11, 12],
    "y": [214, 210, 190, 201, 187, 203, 195, 189, 188, 195, 216, 230]
    }
  }
  